Workbook

Sheet 0_Теория
A1: Занятие 7. Очистка данных: пропуски, дубликаты и типы данных
A3: Тема | B3: Как находить пропуски, заполнять их, удалять дубликаты и приводить столбцы к нужным типам.
A4: Зачем это нужно | B4: Перед анализом и обучением моделей данные почти всегда приходится очищать.
A5: Ключевые методы Python | B5: pd.read_excel(), isna(), sum(), fillna(), dropna(), duplicated(), drop_duplicates(), astype().
A6: Ключевые действия в Excel | B6: COUNTBLANK, IF, COUNTIFS, копирование формул и финальная таблица без дублей.
A7: Что будет в ноутбуке | B7: Сначала загрузим грязные данные, потом найдём пропуски, заполним их, уберём дубликаты и посчитаем итоговую выручку.
A8: Как использовать | B8: Положите ноутбук и этот Excel-файл в одну папку. В ноутбуке открывайте лист dirty_data.

Sheet dirty_data
A1: Лист dirty_data — исходные «грязные» данные для ноутбука
A2: order_id | B2: client | C2: city | D2: category | E2: product | F2: quantity | G2: price | H2: manager
A3: 101 | B3: ООО Альфа | C3: Москва | D3: Ноутбуки | E3: Notebook Air | F3: 2 | G3: 55000 | H3: Анна
A4: 102 | B4: ООО Бета | D4: Мониторы | E4: Монитор 24 | F4: 1 | G4: 18000 | H4: Борис
A5: 103 | B5: ИП Гамма | C5: Уфа | D5: Периферия | E5: Мышь Pro | G5: 1500 | H5: Анна
A6: 104 | B6: ООО Дельта | C6: Самара | D6: Ноутбуки | E6: Notebook Pro | F6: 1 | H6: Виктор
A7: 105 | B7: ИП Омега | C7: Омск | D7: Периферия | E7: Клавиатура | F7: 4 | G7: 3200 | H7: Анна
A8: 105 | B8: ИП Омега | C8: Омск | D8: Периферия | E8: Клавиатура | F8: 4 | G8: 3200 | H8: Анна
A9: 106 | B9: ООО Сигма | C9: Казань | D9: Мониторы | E9: Монитор 27 | F9: 3 | G9: 21000 | H9: Елена
A10: 107 | B10: ООО Тета | C10: Пермь | D10: Периферия | E10: Кабель HDMI | F10: 5 | G10: 900

Sheet 1_Обзор
A1: Шаг 1. Загружаем таблицу и смотрим на её структуру
A3: Показатель | B3: Значение | D3: Первые строки raw-таблицы
A4: Количество строк | B4: =COUNTA(dirty_data!A3:A10) -> 8 | D4: order_id | E4: client | F4: city | G4: category | H4: product | I4: quantity | J4: price | K4: manager
A5: Количество столбцов | B5: =COUNTA(dirty_data!A2:H2) -> 8 | D5: =dirty_data!A3 -> 101 | E5: =dirty_data!B3 -> ООО Альфа | F5: =dirty_data!C3 -> Москва | G5: =dirty_data!D3 -> Ноутбуки | H5: =dirty_data!E3 -> Notebook Air | I5: =dirty_data!F3 -> 2 | J5: =dirty_data!G3 -> 55000 | K5: =dirty_data!H3 -> Анна
A6: Есть ли пропуски? | B6: =IF(SUM(COUNTBLANK(dirty_data!A3:H10))>0,"Да","Нет") -> Да | D6: =dirty_data!A4 -> 102 | E6: =dirty_data!B4 -> ООО Бета | F6: =dirty_data!C4 -> 0 | G6: =dirty_data!D4 -> Мониторы | H6: =dirty_data!E4 -> Монитор 24 | I6: =dirty_data!F4 -> 1 | J6: =dirty_data!G4 -> 18000 | K6: =dirty_data!H4 -> Борис
A7: Есть ли дубликаты? | B7: =IF(COUNTIFS(dirty_data!A3:A10,dirty_data!A3:A10,dirty_data!B3:B10,dirty_data!B3:B10,dirty_data!C3:C10,dirty_data!C3:C10,dirty_data!D3:D10,dirty_data!D3:D10,dirty_data!E3:E10,dirty_data!E3:E10,dirty_data!F3:F10,dirty_data!F3:F10,dirty_data!G3:G10,dirty_data!G3:G10,dirty_data!H3:H10,dirty_data!H3:H10)>8,"Да","Проверить вручную") -> Проверить вручную | D7: =dirty_data!A5 -> 103 | E7: =dirty_data!B5 -> ИП Гамма | F7: =dirty_data!C5 -> Уфа | G7: =dirty_data!D5 -> Периферия | H7: =dirty_data!E5 -> Мышь Pro | I7: =dirty_data!F5 -> 0 | J7: =dirty_data!G5 -> 1500 | K7: =dirty_data!H5 -> Анна
A8: Комментарий по типам | B8: quantity и price после чтения в pandas будут числами с возможными пропусками. | D8: =dirty_data!A6 -> 104 | E8: =dirty_data!B6 -> ООО Дельта | F8: =dirty_data!C6 -> Самара | G8: =dirty_data!D6 -> Ноутбуки | H8: =dirty_data!E6 -> Notebook Pro | I8: =dirty_data!F6 -> 1 | J8: =dirty_data!G6 -> 0 | K8: =dirty_data!H6 -> Виктор
D9: =dirty_data!A7 -> 105 | E9: =dirty_data!B7 -> ИП Омега | F9: =dirty_data!C7 -> Омск | G9: =dirty_data!D7 -> Периферия | H9: =dirty_data!E7 -> Клавиатура | I9: =dirty_data!F7 -> 4 | J9: =dirty_data!G7 -> 3200 | K9: =dirty_data!H7 -> Анна

Sheet 2_Пропуски
A1: Шаг 2. Находим пропуски
A3: Столбец | B3: Количество пропусков | D3: Строки, где есть пропуски
A4: city | B4: =COUNTBLANK(dirty_data!C3:C10) -> 1 | D4: order_id | E4: client | F4: city | G4: category | H4: product | I4: quantity | J4: price | K4: manager
A5: quantity | B5: =COUNTBLANK(dirty_data!F3:F10) -> 1 | D5: =dirty_data!A4 -> 102 | E5: =dirty_data!B4 -> ООО Бета | F5: =dirty_data!C4 -> 0 | G5: =dirty_data!D4 -> Мониторы | H5: =dirty_data!E4 -> Монитор 24 | I5: =dirty_data!F4 -> 1 | J5: =dirty_data!G4 -> 18000 | K5: =dirty_data!H4 -> Борис
A6: price | B6: =COUNTBLANK(dirty_data!G3:G10) -> 1 | D6: =dirty_data!A5 -> 103 | E6: =dirty_data!B5 -> ИП Гамма | F6: =dirty_data!C5 -> Уфа | G6: =dirty_data!D5 -> Периферия | H6: =dirty_data!E5 -> Мышь Pro | I6: =dirty_data!F5 -> 0 | J6: =dirty_data!G5 -> 1500 | K6: =dirty_data!H5 -> Анна
A7: manager | B7: =COUNTBLANK(dirty_data!H3:H10) -> 1 | D7: =dirty_data!A6 -> 104 | E7: =dirty_data!B6 -> ООО Дельта | F7: =dirty_data!C6 -> Самара | G7: =dirty_data!D6 -> Ноутбуки | H7: =dirty_data!E6 -> Notebook Pro | I7: =dirty_data!F6 -> 1 | J7: =dirty_data!G6 -> 0 | K7: =dirty_data!H6 -> Виктор
D8: =dirty_data!A10 -> 107 | E8: =dirty_data!B10 -> ООО Тета | F8: =dirty_data!C10 -> Пермь | G8: =dirty_data!D10 -> Периферия | H8: =dirty_data!E10 -> Кабель HDMI | I8: =dirty_data!F10 -> 5 | J8: =dirty_data!G10 -> 900 | K8: =dirty_data!H10 -> 0

Sheet 3_Заполнение
A1: Шаг 3. Заполняем пропуски и показываем пример dropna
A3: order_id | B3: client | C3: city | D3: category | E3: product | F3: quantity | G3: price | H3: manager | J3: Показатель | K3: Значение
A4: =dirty_data!A3 -> 101 | B4: =dirty_data!B3 -> ООО Альфа | C4: =IF(dirty_data!C3="","Не указан",dirty_data!C3) -> Москва | D4: =dirty_data!D3 -> Ноутбуки | E4: =dirty_data!E3 -> Notebook Air | F4: =IF(dirty_data!F3="",1,dirty_data!F3) -> 2 | G4: =IF(dirty_data!G3="",0,dirty_data!G3) -> 55000 | H4: =IF(dirty_data!H3="","Не назначен",dirty_data!H3) -> Анна | J4: Строки после dropna(quantity, price) | K4: =COUNTIFS(dirty_data!F3:F10,"<>",dirty_data!G3:G10,"<>") -> 6
A5: =dirty_data!A4 -> 102 | B5: =dirty_data!B4 -> ООО Бета | C5: =IF(dirty_data!C4="","Не указан",dirty_data!C4) -> Не указан | D5: =dirty_data!D4 -> Мониторы | E5: =dirty_data!E4 -> Монитор 24 | F5: =IF(dirty_data!F4="",1,dirty_data!F4) -> 1 | G5: =IF(dirty_data!G4="",0,dirty_data!G4) -> 18000 | H5: =IF(dirty_data!H4="","Не назначен",dirty_data!H4) -> Борис | J5: Пропусков после fillna | K5: =COUNTBLANK(C4:C11)+COUNTBLANK(F4:F11)+COUNTBLANK(G4:G11)+COUNTBLANK(H4:H11) -> 0
A6: =dirty_data!A5 -> 103 | B6: =dirty_data!B5 -> ИП Гамма | C6: =IF(dirty_data!C5="","Не указан",dirty_data!C5) -> Уфа | D6: =dirty_data!D5 -> Периферия | E6: =dirty_data!E5 -> Мышь Pro | F6: =IF(dirty_data!F5="",1,dirty_data!F5) -> 1 | G6: =IF(dirty_data!G5="",0,dirty_data!G5) -> 1500 | H6: =IF(dirty_data!H5="","Не назначен",dirty_data!H5) -> Анна
A7: =dirty_data!A6 -> 104 | B7: =dirty_data!B6 -> ООО Дельта | C7: =IF(dirty_data!C6="","Не указан",dirty_data!C6) -> Самара | D7: =dirty_data!D6 -> Ноутбуки | E7: =dirty_data!E6 -> Notebook Pro | F7: =IF(dirty_data!F6="",1,dirty_data!F6) -> 1 | G7: =IF(dirty_data!G6="",0,dirty_data!G6) -> 0 | H7: =IF(dirty_data!H6="","Не назначен",dirty_data!H6) -> Виктор
A8: =dirty_data!A7 -> 105 | B8: =dirty_data!B7 -> ИП Омега | C8: =IF(dirty_data!C7="","Не указан",dirty_data!C7) -> Омск | D8: =dirty_data!D7 -> Периферия | E8: =dirty_data!E7 -> Клавиатура | F8: =IF(dirty_data!F7="",1,dirty_data!F7) -> 4 | G8: =IF(dirty_data!G7="",0,dirty_data!G7) -> 3200 | H8: =IF(dirty_data!H7="","Не назначен",dirty_data!H7) -> Анна
A9: =dirty_data!A8 -> 105 | B9: =dirty_data!B8 -> ИП Омега | C9: =IF(dirty_data!C8="","Не указан",dirty_data!C8) -> Омск | D9: =dirty_data!D8 -> Периферия | E9: =dirty_data!E8 -> Клавиатура | F9: =IF(dirty_data!F8="",1,dirty_data!F8) -> 4 | G9: =IF(dirty_data!G8="",0,dirty_data!G8) -> 3200 | H9: =IF(dirty_data!H8="","Не назначен",dirty_data!H8) -> Анна
A10: =dirty_data!A9 -> 106 | B10: =dirty_data!B9 -> ООО Сигма | C10: =IF(dirty_data!C9="","Не указан",dirty_data!C9) -> Казань | D10: =dirty_data!D9 -> Мониторы | E10: =dirty_data!E9 -> Монитор 27 | F10: =IF(dirty_data!F9="",1,dirty_data!F9) -> 3 | G10: =IF(dirty_data!G9="",0,dirty_data!G9) -> 21000 | H10: =IF(dirty_data!H9="","Не назначен",dirty_data!H9) -> Елена
A11: =dirty_data!A10 -> 107 | B11: =dirty_data!B10 -> ООО Тета | C11: =IF(dirty_data!C10="","Не указан",dirty_data!C10) -> Пермь | D11: =dirty_data!D10 -> Периферия | E11: =dirty_data!E10 -> Кабель HDMI | F11: =IF(dirty_data!F10="",1,dirty_data!F10) -> 5 | G11: =IF(dirty_data!G10="",0,dirty_data!G10) -> 900 | H11: =IF(dirty_data!H10="","Не назначен",dirty_data!H10) -> Не назначен

Sheet 4_Дубликаты
A1: Шаг 4. Ищем дубликаты и удаляем их
A3: order_id | B3: client | C3: city | D3: category | E3: product | F3: quantity | G3: price | H3: manager | I3: flag_duplicate | K3: Итог | L3: Значение
A4: ='3_Заполнение'!A4 -> 101 | B4: ='3_Заполнение'!B4 -> ООО Альфа | C4: ='3_Заполнение'!C4 -> Москва | D4: ='3_Заполнение'!D4 -> Ноутбуки | E4: ='3_Заполнение'!E4 -> Notebook Air | F4: ='3_Заполнение'!F4 -> 2 | G4: ='3_Заполнение'!G4 -> 55000 | H4: ='3_Заполнение'!H4 -> Анна | I4: =IF(COUNTIFS($A$4:A4,A4,$B$4:B4,B4,$C$4:C4,C4,$D$4:D4,D4,$E$4:E4,E4,$F$4:F4,F4,$G$4:G4,G4,$H$4:H4,H4)>1,"Дубликат","Уникальная") -> Уникальная | K4: Количество дубликатов | L4: =COUNTIF(I4:I11,"Дубликат") -> 1
A5: ='3_Заполнение'!A5 -> 102 | B5: ='3_Заполнение'!B5 -> ООО Бета | C5: ='3_Заполнение'!C5 -> Не указан | D5: ='3_Заполнение'!D5 -> Мониторы | E5: ='3_Заполнение'!E5 -> Монитор 24 | F5: ='3_Заполнение'!F5 -> 1 | G5: ='3_Заполнение'!G5 -> 18000 | H5: ='3_Заполнение'!H5 -> Борис | I5: =IF(COUNTIFS($A$4:A5,A5,$B$4:B5,B5,$C$4:C5,C5,$D$4:D5,D5,$E$4:E5,E5,$F$4:F5,F5,$G$4:G5,G5,$H$4:H5,H5)>1,"Дубликат","Уникальная") -> Уникальная
A6: ='3_Заполнение'!A6 -> 103 | B6: ='3_Заполнение'!B6 -> ИП Гамма | C6: ='3_Заполнение'!C6 -> Уфа | D6: ='3_Заполнение'!D6 -> Периферия | E6: ='3_Заполнение'!E6 -> Мышь Pro | F6: ='3_Заполнение'!F6 -> 1 | G6: ='3_Заполнение'!G6 -> 1500 | H6: ='3_Заполнение'!H6 -> Анна | I6: =IF(COUNTIFS($A$4:A6,A6,$B$4:B6,B6,$C$4:C6,C6,$D$4:D6,D6,$E$4:E6,E6,$F$4:F6,F6,$G$4:G6,G6,$H$4:H6,H6)>1,"Дубликат","Уникальная") -> Уникальная
A7: ='3_Заполнение'!A7 -> 104 | B7: ='3_Заполнение'!B7 -> ООО Дельта | C7: ='3_Заполнение'!C7 -> Самара | D7: ='3_Заполнение'!D7 -> Ноутбуки | E7: ='3_Заполнение'!E7 -> Notebook Pro | F7: ='3_Заполнение'!F7 -> 1 | G7: ='3_Заполнение'!G7 -> 0 | H7: ='3_Заполнение'!H7 -> Виктор | I7: =IF(COUNTIFS($A$4:A7,A7,$B$4:B7,B7,$C$4:C7,C7,$D$4:D7,D7,$E$4:E7,E7,$F$4:F7,F7,$G$4:G7,G7,$H$4:H7,H7)>1,"Дубликат","Уникальная") -> Уникальная
A8: ='3_Заполнение'!A8 -> 105 | B8: ='3_Заполнение'!B8 -> ИП Омега | C8: ='3_Заполнение'!C8 -> Омск | D8: ='3_Заполнение'!D8 -> Периферия | E8: ='3_Заполнение'!E8 -> Клавиатура | F8: ='3_Заполнение'!F8 -> 4 | G8: ='3_Заполнение'!G8 -> 3200 | H8: ='3_Заполнение'!H8 -> Анна | I8: =IF(COUNTIFS($A$4:A8,A8,$B$4:B8,B8,$C$4:C8,C8,$D$4:D8,D8,$E$4:E8,E8,$F$4:F8,F8,$G$4:G8,G8,$H$4:H8,H8)>1,"Дубликат","Уникальная") -> Уникальная
A9: ='3_Заполнение'!A9 -> 105 | B9: ='3_Заполнение'!B9 -> ИП Омега | C9: ='3_Заполнение'!C9 -> Омск | D9: ='3_Заполнение'!D9 -> Периферия | E9: ='3_Заполнение'!E9 -> Клавиатура | F9: ='3_Заполнение'!F9 -> 4 | G9: ='3_Заполнение'!G9 -> 3200 | H9: ='3_Заполнение'!H9 -> Анна | I9: =IF(COUNTIFS($A$4:A9,A9,$B$4:B9,B9,$C$4:C9,C9,$D$4:D9,D9,$E$4:E9,E9,$F$4:F9,F9,$G$4:G9,G9,$H$4:H9,H9)>1,"Дубликат","Уникальная") -> Дубликат
A10: ='3_Заполнение'!A10 -> 106 | B10: ='3_Заполнение'!B10 -> ООО Сигма | C10: ='3_Заполнение'!C10 -> Казань | D10: ='3_Заполнение'!D10 -> Мониторы | E10: ='3_Заполнение'!E10 -> Монитор 27 | F10: ='3_Заполнение'!F10 -> 3 | G10: ='3_Заполнение'!G10 -> 21000 | H10: ='3_Заполнение'!H10 -> Елена | I10: =IF(COUNTIFS($A$4:A10,A10,$B$4:B10,B10,$C$4:C10,C10,$D$4:D10,D10,$E$4:E10,E10,$F$4:F10,F10,$G$4:G10,G10,$H$4:H10,H10)>1,"Дубликат","Уникальная") -> Уникальная
A11: ='3_Заполнение'!A11 -> 107 | B11: ='3_Заполнение'!B11 -> ООО Тета | C11: ='3_Заполнение'!C11 -> Пермь | D11: ='3_Заполнение'!D11 -> Периферия | E11: ='3_Заполнение'!E11 -> Кабель HDMI | F11: ='3_Заполнение'!F11 -> 5 | G11: ='3_Заполнение'!G11 -> 900 | H11: ='3_Заполнение'!H11 -> Не назначен | I11: =IF(COUNTIFS($A$4:A11,A11,$B$4:B11,B11,$C$4:C11,C11,$D$4:D11,D11,$E$4:E11,E11,$F$4:F11,F11,$G$4:G11,G11,$H$4:H11,H11)>1,"Дубликат","Уникальная") -> Уникальная

Sheet 5_Типы_и_Итог
A1: Шаг 5. Финальная чистая таблица и итоговая выручка
A3: order_id | B3: client | C3: city | D3: category | E3: product | F3: quantity | G3: price | H3: manager | I3: revenue | K3: Показатель | L3: Значение
A4: ='3_Заполнение'!A4 -> 101 | B4: ='3_Заполнение'!B4 -> ООО Альфа | C4: ='3_Заполнение'!C4 -> Москва | D4: ='3_Заполнение'!D4 -> Ноутбуки | E4: ='3_Заполнение'!E4 -> Notebook Air | F4: ='3_Заполнение'!F4 -> 2 | G4: ='3_Заполнение'!G4 -> 55000 | H4: ='3_Заполнение'!H4 -> Анна | I4: =F4*G4 -> 110000 | K4: Количество строк после очистки | L4: =COUNTA(A4:A10) -> 7
A5: ='3_Заполнение'!A5 -> 102 | B5: ='3_Заполнение'!B5 -> ООО Бета | C5: ='3_Заполнение'!C5 -> Не указан | D5: ='3_Заполнение'!D5 -> Мониторы | E5: ='3_Заполнение'!E5 -> Монитор 24 | F5: ='3_Заполнение'!F5 -> 1 | G5: ='3_Заполнение'!G5 -> 18000 | H5: ='3_Заполнение'!H5 -> Борис | I5: =F5*G5 -> 18000 | K5: Тип quantity в Python | L5: int
A6: ='3_Заполнение'!A6 -> 103 | B6: ='3_Заполнение'!B6 -> ИП Гамма | C6: ='3_Заполнение'!C6 -> Уфа | D6: ='3_Заполнение'!D6 -> Периферия | E6: ='3_Заполнение'!E6 -> Мышь Pro | F6: ='3_Заполнение'!F6 -> 1 | G6: ='3_Заполнение'!G6 -> 1500 | H6: ='3_Заполнение'!H6 -> Анна | I6: =F6*G6 -> 1500 | K6: Тип price в Python | L6: int
A7: ='3_Заполнение'!A7 -> 104 | B7: ='3_Заполнение'!B7 -> ООО Дельта | C7: ='3_Заполнение'!C7 -> Самара | D7: ='3_Заполнение'!D7 -> Ноутбуки | E7: ='3_Заполнение'!E7 -> Notebook Pro | F7: ='3_Заполнение'!F7 -> 1 | G7: ='3_Заполнение'!G7 -> 0 | H7: ='3_Заполнение'!H7 -> Виктор | I7: =F7*G7 -> 0 | K7: Итоговая выручка | L7: =SUM(I4:I10) -> 209800
A8: ='3_Заполнение'!A8 -> 105 | B8: ='3_Заполнение'!B8 -> ИП Омега | C8: ='3_Заполнение'!C8 -> Омск | D8: ='3_Заполнение'!D8 -> Периферия | E8: ='3_Заполнение'!E8 -> Клавиатура | F8: ='3_Заполнение'!F8 -> 4 | G8: ='3_Заполнение'!G8 -> 3200 | H8: ='3_Заполнение'!H8 -> Анна | I8: =F8*G8 -> 12800
A9: ='3_Заполнение'!A10 -> 106 | B9: ='3_Заполнение'!B10 -> ООО Сигма | C9: ='3_Заполнение'!C10 -> Казань | D9: ='3_Заполнение'!D10 -> Мониторы | E9: ='3_Заполнение'!E10 -> Монитор 27 | F9: ='3_Заполнение'!F10 -> 3 | G9: ='3_Заполнение'!G10 -> 21000 | H9: ='3_Заполнение'!H10 -> Елена | I9: =F9*G9 -> 63000
A10: ='3_Заполнение'!A11 -> 107 | B10: ='3_Заполнение'!B11 -> ООО Тета | C10: ='3_Заполнение'!C11 -> Пермь | D10: ='3_Заполнение'!D11 -> Периферия | E10: ='3_Заполнение'!E11 -> Кабель HDMI | F10: ='3_Заполнение'!F11 -> 5 | G10: ='3_Заполнение'!G11 -> 900 | H10: ='3_Заполнение'!H11 -> Не назначен | I10: =F10*G10 -> 4500

Sheet 6_Тест
A1: Тест по занятию 7
A3: Вопрос | B3: Правильный ответ | C3: Подсказка
A4: Сколько строк в исходной таблице? | B4: =COUNTA(dirty_data!A3:A10) -> 8 | C4: Аналог df.shape[0]
A5: Сколько пропусков в столбце city? | B5: =COUNTBLANK(dirty_data!C3:C10) -> 1 | C5: Проверяли через isna().sum()
A6: Сколько дубликатов после заполнения пропусков? | B6: =COUNTIF('4_Дубликаты'!I4:I11,"Дубликат") -> 1 | C6: Смотрите duplicated()
A7: Сколько строк осталось после удаления дубликатов? | B7: =COUNTA('5_Типы_и_Итог'!A4:A10) -> 7 | C7: Это размер clean-таблицы
A8: Какая итоговая выручка? | B8: =SUM('5_Типы_и_Итог'!I4:I10) -> 209800 | C8: Это сумма столбца revenue
